runner,provider,model,group,prompt_id,repeat_no,attempt,ok,model_fails,pipeline_fails,sanitize_damaged,input_tokens,output_tokens,wall_ms,truncated,note
도하-로컬,ollama:qwen2.5:7b,qwen2.5:7b,R,R1,1,1,0,op_ADD_want_EDIT,,0,170,11,6699,0,ADD 로 오답 내기 쉬움 — 블록 추가가 아니라 내용 수정이다
도하-로컬,ollama:qwen2.5:7b,qwen2.5:7b,R,R1,2,1,0,op_ADD_want_EDIT,,0,170,11,426,0,ADD 로 오답 내기 쉬움 — 블록 추가가 아니라 내용 수정이다
도하-로컬,ollama:qwen2.5:7b,qwen2.5:7b,R,R1,3,1,0,op_ADD_want_EDIT,,0,170,11,415,0,ADD 로 오답 내기 쉬움 — 블록 추가가 아니라 내용 수정이다
도하-로컬,ollama:qwen2.5:7b,qwen2.5:7b,R,R2,1,1,1,,,0,168,10,483,0,선택 블록이라 실제로 지울 수 있다
도하-로컬,ollama:qwen2.5:7b,qwen2.5:7b,R,R2,2,1,1,,,0,168,10,404,0,선택 블록이라 실제로 지울 수 있다
도하-로컬,ollama:qwen2.5:7b,qwen2.5:7b,R,R2,3,1,1,,,0,168,10,397,0,선택 블록이라 실제로 지울 수 있다
도하-로컬,ollama:qwen2.5:7b,qwen2.5:7b,R,R3,1,1,1,,,0,170,10,468,0,EDIT 과 헷갈리는 축 — 겉모양만 바꾸는 요청
도하-로컬,ollama:qwen2.5:7b,qwen2.5:7b,R,R3,2,1,1,,,0,170,10,370,0,EDIT 과 헷갈리는 축 — 겉모양만 바꾸는 요청
도하-로컬,ollama:qwen2.5:7b,qwen2.5:7b,R,R3,3,1,1,,,0,170,10,371,0,EDIT 과 헷갈리는 축 — 겉모양만 바꾸는 요청
도하-로컬,ollama:qwen2.5:7b,qwen2.5:7b,R,R4,1,1,1,,,0,168,10,464,0,ADD 정답 — R1 과 짝
도하-로컬,ollama:qwen2.5:7b,qwen2.5:7b,R,R4,2,1,1,,,0,168,10,360,0,ADD 정답 — R1 과 짝
도하-로컬,ollama:qwen2.5:7b,qwen2.5:7b,R,R4,3,1,1,,,0,168,10,368,0,ADD 정답 — R1 과 짝
도하-로컬,ollama:qwen2.5:7b,qwen2.5:7b,R,R5,1,1,0,op_STYLE_want_EDIT,,0,169,10,463,0,
도하-로컬,ollama:qwen2.5:7b,qwen2.5:7b,R,R5,2,1,1,,,0,169,10,369,0,
도하-로컬,ollama:qwen2.5:7b,qwen2.5:7b,R,R5,3,1,1,,,0,169,10,369,0,
도하-로컬,ollama:qwen2.5:7b,qwen2.5:7b,R,R6,1,1,1,,,0,166,11,493,0,"★ SERVER 블록 — 라우터는 target 을 맞혀야 하고, 거절은 Block.denyReason 이 한다(모델 책임 아님)"
도하-로컬,ollama:qwen2.5:7b,qwen2.5:7b,R,R6,2,1,1,,,0,166,11,408,0,"★ SERVER 블록 — 라우터는 target 을 맞혀야 하고, 거절은 Block.denyReason 이 한다(모델 책임 아님)"
도하-로컬,ollama:qwen2.5:7b,qwen2.5:7b,R,R6,3,1,1,,,0,166,11,394,0,"★ SERVER 블록 — 라우터는 target 을 맞혀야 하고, 거절은 Block.denyReason 이 한다(모델 책임 아님)"
도하-로컬,ollama:qwen2.5:7b,qwen2.5:7b,R,R7,1,1,0,target_benefits_want_hero,,0,170,11,495,0,
도하-로컬,ollama:qwen2.5:7b,qwen2.5:7b,R,R7,2,1,0,target_benefits_want_hero,,0,170,11,407,0,
도하-로컬,ollama:qwen2.5:7b,qwen2.5:7b,R,R7,3,1,0,target_benefits_want_hero,,0,170,11,394,0,
도하-로컬,ollama:qwen2.5:7b,qwen2.5:7b,R,R8,1,1,1,,,0,165,11,498,0,"★ 필수 블록이라 실제로는 거절되어야 한다 — 라우터는 의도대로 분류하고, 막는 건 서버"
도하-로컬,ollama:qwen2.5:7b,qwen2.5:7b,R,R8,2,1,1,,,0,165,11,397,0,"★ 필수 블록이라 실제로는 거절되어야 한다 — 라우터는 의도대로 분류하고, 막는 건 서버"
도하-로컬,ollama:qwen2.5:7b,qwen2.5:7b,R,R8,3,1,1,,,0,165,11,398,0,"★ 필수 블록이라 실제로는 거절되어야 한다 — 라우터는 의도대로 분류하고, 막는 건 서버"
